{
  "hash": "1863ab28",
  "configHash": "195eda84",
  "lockfileHash": "af5779d2",
  "browserHash": "e0f1a16b",
  "optimized": {
    "@angular/common/http": {
      "src": "../../../../../../node_modules/@angular/common/fesm2022/http.mjs",
      "file": "@angular_common_http.js",
      "fileHash": "70d8aa5f",
      "needsInterop": false
    },
    "@angular/core": {
      "src": "../../../../../../node_modules/@angular/core/fesm2022/core.mjs",
      "file": "@angular_core.js",
      "fileHash": "765f26e9",
      "needsInterop": false
    },
    "@angular/forms": {
      "src": "../../../../../../node_modules/@angular/forms/fesm2022/forms.mjs",
      "file": "@angular_forms.js",
      "fileHash": "619e60a4",
      "needsInterop": false
    },
    "@angular/platform-browser": {
      "src": "../../../../../../node_modules/@angular/platform-browser/fesm2022/platform-browser.mjs",
      "file": "@angular_platform-browser.js",
      "fileHash": "37a2ef1c",
      "needsInterop": false
    },
    "@angular/router": {
      "src": "../../../../../../node_modules/@angular/router/fesm2022/router.mjs",
      "file": "@angular_router.js",
      "fileHash": "794490d4",
      "needsInterop": false
    }
  },
  "chunks": {
    "chunk-IRWEBFUA": {
      "file": "chunk-IRWEBFUA.js"
    },
    "chunk-GUTV4C6W": {
      "file": "chunk-GUTV4C6W.js"
    },
    "chunk-SJVCHVQ2": {
      "file": "chunk-SJVCHVQ2.js"
    },
    "chunk-67LDIOOR": {
      "file": "chunk-67LDIOOR.js"
    },
    "chunk-KUA6TBKJ": {
      "file": "chunk-KUA6TBKJ.js"
    }
  }
}